user_id,area
persona-01,ventas
persona-02,ventas
persona-03,ventas
persona-04,ventas
persona-05,ventas
persona-06,ventas
persona-07,ventas
persona-08,ventas
persona-09,ventas
persona-10,ventas
persona-11,ventas
persona-12,ventas
persona-13,ventas
persona-14,ventas
persona-15,ventas
persona-16,soporte
persona-17,soporte
persona-18,soporte
persona-19,soporte
persona-20,soporte
persona-21,soporte
persona-22,soporte
persona-23,soporte
persona-24,soporte
persona-25,soporte
persona-26,soporte
persona-27,soporte
persona-28,finanzas
persona-29,finanzas
persona-30,finanzas
persona-31,finanzas
persona-32,finanzas
persona-33,finanzas
persona-34,finanzas
persona-35,finanzas
persona-36,finanzas
persona-37,direccion
persona-38,direccion
persona-39,direccion
persona-40,direccion
