unique_id,user_id
fbc1a03f-7ffd-5202-9543-511ed98754cd,persona-01
4b8db9c5-9364-5575-b1bb-af55c0915938,persona-02
7ccee969-1cfd-559c-971e-6c48abe32887,persona-03
9c72079e-8a75-5a35-9c89-fd0653f29fd5,persona-04
afc7464e-cf17-570c-8eeb-44ca829e135a,persona-05
d8683d02-4b02-58b7-85e6-c20e43951379,persona-06
ea0a7607-c5b4-57e3-b5d3-6baac95572ad,persona-07
656a95d0-6ac8-595e-8ce5-9637bdb80385,persona-08
4cdc93aa-442b-596d-b279-507b71c61f5b,persona-09
cef57208-5fed-50f9-b58d-4a2d8c67e97c,persona-10
7cc6fb54-f937-510d-bad8-616c0405dbdd,persona-11
9b38c734-758e-5af8-8fdf-6cb8fd19a6fa,persona-12
45126243-3b4f-5924-9175-938cb25e5e45,persona-13
db42376e-5c14-5c5d-9be7-6bea08060934,persona-14
6f4be243-2080-5c90-a6cf-34cc97f52d12,persona-15
c7d27903-2f3c-5c57-9fd2-e5cbaaa32d75,persona-16
c8be1760-3529-5817-9038-dda4cb77cc34,persona-17
3e7e30e1-2744-5a57-8bca-a1da0223a01c,persona-18
4e7db4a4-5723-594d-b3b9-d72e37b3e02a,persona-19
b8a36a32-f7b5-57fb-b778-a4404efefc83,persona-20
d3db561b-7315-5953-9571-180edd8b1711,persona-21
7fa2b17d-8001-562d-a5bb-1e3732a08415,persona-22
f97978be-6d34-5f7c-bca7-d0cc4926892d,persona-23
8afe1cb3-a3d5-5f3e-8bdf-1795cef5729d,persona-24
d4bd89b4-cdc6-56e4-b49e-85b51ea1e7f0,persona-25
0ea3a67c-03be-52c5-bc5d-1b7b0c0b2e8f,persona-26
f19e1c0f-cbe0-5aed-b084-4af2a0dedb79,persona-27
180bd9f9-f9d2-5618-be0a-c7394a2493a3,persona-28
64289b1d-8807-5868-ba84-896b8438ee97,persona-29
cbcefc5b-51dc-5402-9182-68f07814fd6c,persona-30
11f160ea-3e1e-5e25-9256-df23a971fc39,persona-31
a5633901-ef13-52a7-8a07-3efbdd2bcf40,persona-32
4b39b4dc-90c0-584f-80e2-757b821a73e9,persona-33
d565f3bc-b7c6-50ed-84e7-79ecab1f6262,persona-34
f50c67fe-eadc-5693-a526-09456d5f4f14,persona-35
cac1def8-120a-5ac4-87a2-7f2e30949e4b,persona-36
77c42844-0f68-5cb0-87c0-ac52e3c5a1e1,persona-37
85196fbe-2f0d-5c32-93a9-be31f869785a,persona-38
18a36f75-51ec-5f67-a41d-5af5f9aa256b,persona-39
67f75ea5-9733-5e85-8aae-da1a76d66856,persona-40
